[
  {
    "id": "7ffaa09a-35d4-434e-8918-4214191072d3",
    "data": [
      {
        "text": "I go by ",
        "userDefined": false
      },
      {
        "text": "Adam",
        "userDefined": false
      }
    ],
    "isTemplate": false,
    "count": 0,
    "lang": "en",
    "updated": 0
  },
  {
    "id": "712ee756-283c-490f-aea2-91acb08e7239",
    "data": [
      {
        "text": "Howdy, This is Patrick",
        "userDefined": false
      }
    ],
    "isTemplate": false,
    "count": 0,
    "lang": "en",
    "updated": 0
  },
  {
    "id": "78e8609d-8e69-4e8a-a8bb-d15c191f199b",
    "data": [
      {
        "text": "Hi, I am ",
        "userDefined": false
      },
      {
        "text": "Chitra",
        "meta": "@sys.person",
        "alias": "person",
        "userDefined": false
      }
    ],
    "isTemplate": false,
    "count": 0,
    "lang": "en",
    "updated": 0
  },
  {
    "id": "adf1626d-cfa1-4eba-a588-5374152a1e36",
    "data": [
      {
        "text": "This is ",
        "userDefined": false
      },
      {
        "text": "Sam",
        "meta": "@sys.person",
        "alias": "person",
        "userDefined": false
      }
    ],
    "isTemplate": false,
    "count": 0,
    "lang": "en",
    "updated": 0
  }
]