[
  {
    "id": "491ba9b5-8fde-4ba3-bb4d-c0a371e845f0",
    "data": [
      {
        "text": "Can I know if my calendar is free on ",
        "userDefined": false
      },
      {
        "text": "November 15th at 1pm",
        "meta": "@sys.date-time",
        "alias": "date_time",
        "userDefined": false
      }
    ],
    "isTemplate": false,
    "count": 0,
    "lang": "en",
    "updated": 0
  },
  {
    "id": "337ab7cc-0419-487d-9efe-e231d6497ff1",
    "data": [
      {
        "text": "How is my calendar looking on ",
        "userDefined": false
      },
      {
        "text": "December 10 at 3pm",
        "meta": "@sys.date-time",
        "alias": "date_time",
        "userDefined": false
      }
    ],
    "isTemplate": false,
    "count": 0,
    "lang": "en",
    "updated": 0
  },
  {
    "id": "8446ae4a-c451-4b11-b4ed-2dd367f6302a",
    "data": [
      {
        "text": "Please check my calendar for ",
        "userDefined": false
      },
      {
        "text": "February 15th at 3pm",
        "meta": "@sys.date-time",
        "alias": "date_time",
        "userDefined": false
      }
    ],
    "isTemplate": false,
    "count": 0,
    "lang": "en",
    "updated": 0
  },
  {
    "id": "ad75507f-22aa-400a-a709-00c44372acae",
    "data": [
      {
        "text": "Can you please check my calendar on ",
        "userDefined": false
      },
      {
        "text": "August 11th at noon",
        "meta": "@sys.date-time",
        "alias": "date_time",
        "userDefined": false
      }
    ],
    "isTemplate": false,
    "count": 0,
    "lang": "en",
    "updated": 0
  },
  {
    "id": "8f4c429f-05cb-4fa6-a25f-f7580154a2a4",
    "data": [
      {
        "text": "Am I free on the ",
        "userDefined": false
      },
      {
        "text": "September 5th at noon",
        "meta": "@sys.date-time",
        "alias": "date_time",
        "userDefined": false
      }
    ],
    "isTemplate": false,
    "count": 0,
    "lang": "en",
    "updated": 0
  },
  {
    "id": "5740f2b4-fb07-4f06-a453-be61da02a538",
    "data": [
      {
        "text": "How does my calendar look like on ",
        "userDefined": false
      },
      {
        "text": "August 20 at noon",
        "meta": "@sys.date-time",
        "alias": "date_time",
        "userDefined": false
      }
    ],
    "isTemplate": false,
    "count": 0,
    "lang": "en",
    "updated": 0
  },
  {
    "id": "c37137f4-19e5-4b49-8802-5d1931549706",
    "data": [
      {
        "text": "Please lookup my calendar for ",
        "userDefined": false
      },
      {
        "text": "October 1 at 10am",
        "meta": "@sys.date-time",
        "alias": "date_time",
        "userDefined": false
      }
    ],
    "isTemplate": false,
    "count": 0,
    "lang": "en",
    "updated": 0
  },
  {
    "id": "32ed0b51-86ed-4481-9f8e-00b16ebc9ead",
    "data": [
      {
        "text": "Am I available on the ",
        "userDefined": false
      },
      {
        "text": "10th of  September at 10am",
        "meta": "@sys.date-time",
        "alias": "date_time",
        "userDefined": true
      }
    ],
    "isTemplate": false,
    "count": 0,
    "lang": "en",
    "updated": 0
  },
  {
    "id": "59e90d9c-e43a-4797-bdfd-1281d3273ba3",
    "data": [
      {
        "text": "Can you look up my calendar for ",
        "userDefined": false
      },
      {
        "text": "august 20 at 5pm",
        "meta": "@sys.date-time",
        "alias": "date_time",
        "userDefined": false
      }
    ],
    "isTemplate": false,
    "count": 0,
    "lang": "en",
    "updated": 0
  },
  {
    "id": "4090ef33-1700-4261-9a90-0aa9a3b67eb1",
    "data": [
      {
        "text": "Am I available on ",
        "userDefined": false
      },
      {
        "text": "February 10 at noon",
        "meta": "@sys.date-time",
        "alias": "date_time",
        "userDefined": false
      }
    ],
    "isTemplate": false,
    "count": 0,
    "lang": "en",
    "updated": 0
  },
  {
    "id": "e44df138-9f9c-4d6d-8e40-0ec50cdb1c6e",
    "data": [
      {
        "text": "Is my calendar free on ",
        "userDefined": false
      },
      {
        "text": "November 1 at 10am",
        "meta": "@sys.date-time",
        "alias": "date_time",
        "userDefined": false
      }
    ],
    "isTemplate": false,
    "count": 0,
    "lang": "en",
    "updated": 0
  }
]