[
  {
    "value": "EventName",
    "synonyms": [
      "EventName"
    ]
  },
  {
    "value": "Cleaning",
    "synonyms": [
      "Cleaning",
      "Cleaning appoinment"
    ]
  },
  {
    "value": "Doctor appointment",
    "synonyms": [
      "Doctor appointment",
      "appointment"
    ]
  },
  {
    "value": "birthday party",
    "synonyms": [
      "birthday party",
      "party"
    ]
  },
  {
    "value": "dental cleaning",
    "synonyms": [
      "dental cleaning"
    ]
  },
  {
    "value": "hair cut",
    "synonyms": [
      "hair cut"
    ]
  },
  {
    "value": "mid term exam",
    "synonyms": [
      "mid term exam"
    ]
  },
  {
    "value": "wedding",
    "synonyms": [
      "wedding",
      "marriage"
    ]
  }
]